subject,relevance_label,mean_prop
901,relevant,0.5879264518587277
902,relevant,0.5850625786198552
903,relevant,0.5788933520639203
904,relevant,0.5861937885311672
905,relevant,0.5878726247199187
