effect,component,term,estimate,std.error,conf.low,conf.high
fixed,cond,(Intercept),47.045932463575916,3.3130621960177895,40.37509324830851,53.610049098173114
