setting,n_games,mean_loglik_test,mean_loglik_per_trial
free3-rtTrans,10,-350.14249536940827,-1.753534166046538
theta1-rtTrans,10,-397.293148639409,-1.9896541225227675
