effect,component,term,estimate,std.error,conf.low,conf.high
fixed,cond,(Intercept),0.03701108255828611,0.017546823501160158,0.0034410723616270468,0.07137087501455695
