nn_benchmark_relevant,nn_benchmark_irrelevant
4.767058659826096,4.246573872600937
