effect,component,term,estimate,std.error,conf.low,conf.high
fixed,cond,(Intercept),-1.1976998372993488,0.8671197927254034,-2.9831619732929413,0.4832102240014204
