fixation_position,nn_benchmark
1,0.49953486556679394
2,0.5028793099138724
3,0.5104894722223188
4,0.5193872915983769
5,0.5250927306801927
6,0.5307065742145727
7,0.5427327571940668
