effect,component,term,estimate,std.error,conf.low,conf.high
fixed,cond,(Intercept),0.013558829607771793,0.012756299916252548,-0.01192753036859992,0.03895537689016668
