effect,component,term,estimate,std.error,conf.low,conf.high
fixed,cond,(Intercept),0.039322322652068385,0.012014591789075981,0.015285504202661357,0.06230292160659068
