effect,component,term,estimate,std.error,conf.low,conf.high
fixed,cond,(Intercept),0.016243331495117124,0.025207562801314018,-0.033930614905606594,0.06510156791856311
