Hypothesis,Estimate,Est.Error,CI.Lower,CI.Upper,Evid.Ratio,Post.Prob,Star
(Intercept) = 0,0.00816393977910262,0.013398714339026526,-0.018066566037459895,0.03685625510160821,NA,NA,
