effect,component,term,estimate,std.error,conf.low,conf.high
fixed,cond,(Intercept),0.00816393977910262,0.013398714339026526,-0.018066566037459885,0.03685625510160821
