subject,relevance_label,mean_prop
901,relevant,0.561448033333631
902,relevant,0.5634261552161546
903,relevant,0.5623662994168692
904,relevant,0.5672925834570735
905,relevant,0.5610130633901954
