effect,component,term,estimate,std.error,conf.low,conf.high
fixed,cond,(Intercept),0.02865648567958821,0.01766020991756708,-0.005388637370865625,0.06469369511413466
