nn_benchmark_relevant,nn_benchmark_irrelevant
3.4456282843623023,2.7899092569355575
