effect,component,term,estimate,std.error,conf.low,conf.high
fixed,cond,(Intercept),-0.03880229769520312,0.037793925916198824,-0.11213443062097843,0.03789685902010219
