effect,component,term,estimate,std.error,conf.low,conf.high
fixed,cond,(Intercept),0.01280937844628604,0.01198279527772523,-0.011080689215037517,0.03586980887015801
