effect,component,term,estimate,std.error,conf.low,conf.high
fixed,cond,(Intercept),1.3922978841108782,0.8667068485799689,-0.2833180754427693,3.056444854553047
