fixation_position,nn_benchmark
1,0.5773291070602012
2,0.5584414071717032
3,0.5563317895285482
4,0.5544544558446757
5,0.5507110197940007
6,0.5505775432740521
7,0.5479340777021415
