effect,component,term,estimate,std.error,conf.low,conf.high
fixed,cond,(Intercept),-0.014111673942173844,0.0129998822847804,-0.04030734686081632,0.011490393715186701
