mean_prop_fix_time_sig,sem,n_timepoints
0.42197363152255446,0.028840231422429377,58
