elpd_diff,se_diff
79.45967874936171,22.26610068697132
