effect,component,term,estimate,std.error,conf.low,conf.high
fixed,cond,(Intercept),7.002983377862479,0.5564824153563269,6.086695781308078,8.277767322724284
