effect,component,term,estimate,std.error,conf.low,conf.high
fixed,cond,(Intercept),-0.011119675636567085,0.014718735912036575,-0.040506277206762274,0.017475489572202078
