effect,component,term,estimate,std.error,conf.low,conf.high
fixed,cond,(Intercept),-0.10836410459800914,0.02170987340459562,-0.15050816855168775,-0.06617365641093159
