effect,component,term,estimate,std.error,conf.low,conf.high
fixed,cond,(Intercept),-0.06975501294314382,0.02578377736541995,-0.12138352822813109,-0.018806822396672866
