effect,component,term,estimate,std.error,conf.low,conf.high
fixed,cond,(Intercept),5.632492143057523e-9,3.742131259584447e-7,-8.338245050482881e-7,8.680952295863854e-7
