effect,component,term,estimate,std.error,conf.low,conf.high
fixed,cond,(Intercept),-0.5000000035179237,2.405755808042245e-7,-0.5000005112380764,-0.4999994995492863
