effect,component,term,estimate,std.error,conf.low,conf.high
fixed,cond,(Intercept),10.945118969949101,1.5181800887118349,7.962703393142112,13.914252349697716
