setting,n_games,mean_loglik_test,mean_loglik_per_trial
free3-rtTrans,10,-335.55470851053667,-1.6802215067382318
theta1-rtTrans,10,-346.8746395637245,-1.7367493237370275
