parameter,n_folds,mean,sem
theta,10,0.02314781843726203,0.008050237870297476
d,10,0.00018919769165933001,2.943248250330583e-06
sigma,10,0.00114883477755689,0.00037693575097046047
